{
    "loss": 0.42004090547561646,
    "accuracy": 0.9051724076271057
}